File #,Serial #,Date,Time,Operator,Name,Latitude,Longitude,Altitude,Application,Method,CalFile1,Calfile2,CalFile3,Beam1,Beam2,Beam3,Elapsed,Sigma,Cal Check,MgO,MgO Err,Al2O3,Al2O3 Err,SiO2,SiO2 Err,P,P Err,S,S Err,Cl,Cl Err,K2O,K2O Err,Ca,Ca Err,Ti,Ti Err,V,V Err,Cr,Cr Err,Mn,Mn Err,Fe,Fe Err,Co,Co Err,Ni,Ni Err,Cu,Cu Err,Zn,Zn Err,Ga,Ga Err,As,As Err,Se,Se Err,Rb,Rb Err,Sr,Sr Err,Y,Y Err,Zr,Zr Err,Nb,Nb Err,Mo,Mo Err,Rh,Rh Err,Pd,Pd Err,Ag,Ag Err,Cd,Cd Err,Sn,Sn Err,Sb,Sb Err,Te,Te Err,Ba,Ba Err,La,La Err,Ce,Ce Err,Hf,Hf Err,Ta,Ta Err,W,W Err,Pt,Pt Err,Au,Au Err,Hg,Hg Err,Tl,Tl Err,Pb,Pb Err,Bi,Bi Err,Th,Th Err,U,U Err,ID,,
7,800N11536,2024/02/20,15:31:17,SERVICE,SiO2 normal-cupped short-beams,0,0,0,GeoExploration,Oxide3phase,Oxide3phase,Oxide3phase,Oxide3phase,4.2,4.2,4,15,3,Passed,6827,5770,0,1584,877353,10990,12,148,0,156,0,108,258,84,0,48,9,124,0,61,22,34,24,26,135,25,1,9,11,9,5,5,1,3,0,3,0,66,4,3,2,4,1,3,2,4,6,8,1,4,0,31,,,12,31,0,0,4,28,54,117,24,23,27,31,64,140,299,467,31,17,11,93,0,66,0,20,25,33,0,21,10,28,3,15,3,18,9,13,0,0,1,4,,,
8,800N11536,2024/02/20,15:33:36,SERVICE,ZIC normal-cupped short-beams,0,0,0,GeoExploration,Oxide3phase,Oxide3phase,Oxide3phase,Oxide3phase,3.2,3.4,2.3,15,3,Passed,9896,7981,50565,3240,243526,5900,0,818,0,284,0,131,814,117,2102,174,279016,4298,1446,841,0,194,1033,142,41284,553,1606,146,304,157,0,96,561,62,122,43,0,331,3,7,3,29,316,51,3173,106,356917,2045,955,142,0,996,,,0,16,238,144,0,51,679,346,13,21,21,51,80,159,1228,629,9733,2294,10228,326,0,290,0,121,,,0,24,2,47,0,86,217,152,1327,255,785,113,264,111,,,
9,800N11536,2024/02/20,15:35:25,SERVICE,Rutile normal-cupped short-beams,0,0,0,GeoExploration,Oxide3phase,Oxide3phase,Oxide3phase,Oxide3phase,2.2,4.3,3.7,15,3,Passed,3062,7473,9436,2867,36355,3259,0,411,0,354,0,164,918,151,0,184,504097,2998,34047,1334,0,80,1504,40,1185,77,56,28,33,42,0,25,3,10,0,13,0,153,4,4,3,11,68,24,21,18,10394,353,5531,202,2052,374,0,17,0,13,,,0,57,1905,377,16,24,42,63,133,166,210,528,4155,1325,200042,312,0,165,60,56,43,39,0,15,11,30,0,37,21,55,32,38,715,44,83,68,,,
10,800N11536,2024/02/20,15:36:48,SERVICE,23104 2nd Ilmenite normal-cupped short-beams,0,0,0,GeoExploration,Oxide3phase,Oxide3phase,Oxide3phase,Oxide3phase,2.2,4.3,3.6,15,3,Passed,10487,9045,13120,3242,9593,2352,0,425,0,347,0,168,728,141,0,193,318350,2394,12830,1068,0,289,4013,190,79388,613,2674,171,0,75,0,33,223,30,0,20,0,227,5,5,6,16,130,30,53,21,19830,500,1522,115,0,469,0,17,,,41,155,31,61,724,253,19,22,69,59,471,174,146,514,1435,1200,82658,215,0,161,0,66,26,50,,,1,30,0,58,256,114,121,77,336,78,90,63,,,
11,800N11536,2024/02/20,15:39:19,SERVICE,23104 Ilmenite normal-cupped short-beams,0,0,0,GeoExploration,Oxide3phase,Oxide3phase,Oxide3phase,Oxide3phase,2.2,4.3,3.5,15,3,Passed,14256,9989,11794,3219,3440,2032,0,392,0,350,0,166,616,137,44,189,268345,2146,8720,992,0,158,3595,170,113432,730,3467,204,0,82,0,33,237,33,0,21,0,234,3,5,7,15,44,21,13,15,7280,302,707,79,1329,425,0,16,0,14,64,147,12,60,369,217,11,20,42,56,209,163,152,476,912,1112,65658,193,0,153,0,63,46,50,16,17,0,28,8,63,79,99,62,61,111,75,68,54,,,
12,800N11536,2024/02/20,15:40:21,SERVICE,Ilmenite normal-cupped short-beams,0,0,0,GeoExploration,Oxide3phase,Oxide3phase,Oxide3phase,Oxide3phase,2.2,4.3,3.6,15,3,Passed,12869,9824,10756,3155,657,1915,0,375,0,392,0,167,677,138,0,173,274091,2153,10583,1015,0,151,3391,163,107001,709,3221,196,0,78,0,30,148,27,0,21,0,232,3,5,4,15,39,21,39,19,5430,261,820,83,1783,401,0,16,,,81,152,17,62,426,220,24,21,61,58,130,166,0,484,1482,1108,70290,198,0,141,0,61,51,50,10,17,0,27,0,60,21,89,41,55,106,68,86,59,,,
13,800N11536,2024/02/20,15:41:56,SERVICE,23104 non-mag con normal-cupped short-beams,0,0,0,GeoExploration,Oxide3phase,Oxide3phase,Oxide3phase,Oxide3phase,3.3,2.9,1.8,15,3,Passed,2777,6292,1094,230,334016,6842,0,1128,0,257,0,134,700,124,0,119,646421,9644,4698,1125,0,143,508,89,2598,168,181,64,314,216,0,184,0,51,349,73,0,493,2,9,0,42,266,53,1237,73,810430,3993,2580,239,0,1692,42,21,0,11,47,115,0,40,1308,683,0,20,0,44,79,140,379,741,4026,3508,14198,329,0,350,0,213,34,73,28,29,0,53,37,141,62,205,1124,426,468,110,150,123,,,
14,800N11536,2024/02/20,15:42:55,SERVICE,HiTi normal-cupped short-beams,0,0,0,GeoExploration,Oxide3phase,Oxide3phase,Oxide3phase,Oxide3phase,2.3,4.3,3.7,15,3,Passed,627,7244,16939,3351,66215,3993,0,438,0,372,0,157,1371,163,0,198,479222,2954,28132,1268,0,82,1336,43,2908,118,77,36,3,45,0,26,10,12,0,14,0,161,3,4,6,11,441,46,97,23,9385,318,5850,197,2021,346,,,,,0,165,13,56,1777,360,29,24,87,60,264,165,295,535,4728,1266,166984,282,0,155,127,59,32,42,0,14,25,33,2,39,76,63,81,41,806,48,107,68,,,
15,800N11536,2024/02/20,15:44:21,SERVICE,2408 Reup NM normal-cupped short-beams,0,0,0,GeoExploration,Oxide3phase,Oxide3phase,Oxide3phase,Oxide3phase,3.8,2.3,1.1,15,3,Passed,5084,6439,0,0,398605,6921,0,1374,0,291,0,120,727,103,30,100,259029,9795,0,789,0,218,99,131,2083,195,190,87,582,460,3483,403,5,106,795,156,0,851,2,11,0,80,168,59,2041,102,1000000,6691,0,317,0,2726,,,0,15,,,2,40,577,741,0,19,0,44,0,145,2531,1108,12921,6764,1168,105,1031,501,0,406,,,32,39,0,81,31,221,0,386,6698,1499,707,199,264,158,,,
16,800N11536,2024/02/20,15:45:13,SERVICE,Zircon normal-cupped short-beams,0,0,0,GeoExploration,Oxide3phase,Oxide3phase,Oxide3phase,Oxide3phase,4.1,1.9,0.7,15,3,Passed,7875,6118,0,0,233532,5071,0,1709,0,379,0,115,211,70,0,78,6770,4240,0,351,111,218,3,126,796,162,267,122,1102,959,8736,921,0,181,1465,341,97,1263,1,13,11,111,3,76,2179,129,1000000,12843,0,542,0,5290,,,12,17,87,137,0,48,934,1115,8,22,0,53,4,161,2071,1509,144,9699,0,0,2871,702,0,815,240,152,23,51,0,85,0,359,0,534,3332,2353,0,329,160,217,,,
17,800N11536,2024/02/20,15:46:24,SERVICE,Zircon old normal-cupped short-beams,0,0,0,GeoExploration,Oxide3phase,Oxide3phase,Oxide3phase,Oxide3phase,4.1,1.9,0.7,15,3,Passed,2943,6396,0,0,250341,5270,0,1699,0,380,0,114,245,74,834,114,4747,3739,0,335,150,213,7,143,1219,189,246,120,651,818,7156,772,24,161,1436,291,0,1210,0,13,0,109,176,80,1979,133,1000000,11486,126,492,0,4762,,,,,43,128,0,50,0,1098,0,21,0,50,36,144,1848,1523,0,8825,0,0,2666,716,0,653,228,155,40,51,0,78,0,347,74,547,2107,2406,0,300,369,228,,,
18,800N11536,2024/02/20,15:47:38,SERVICE,SiO2 normal-cupped long-beams,0,0,0,GeoExploration,Oxide3phase,Oxide3phase,Oxide3phase,Oxide3phase,49.9,50.6,48.2,180,3,Passed,5855,1566,0,458,872666,3158,47,42,0,45,0,31,285,24,0,14,0,36,1,18,35,11,4,8,118,8,0,2,9,3,7,2,2,1,0,1,0,18,1,1,1,1,0,1,0,1,0,2,0,1,0,9,,,,,0,0,0,8,0,34,10,7,20,9,11,42,0,135,2,8,0,27,0,24,0,6,,,0,6,2,9,1,5,1,6,2,3,0,0,1,1,,,
19,800N11536,2024/02/20,15:51:10,SERVICE,ZIC normal-cupped long-beams,0,0,0,GeoExploration,Oxide3phase,Oxide3phase,Oxide3phase,Oxide3phase,37.5,41.5,29.3,180,3,Passed,10489,2386,61980,1116,246815,1725,0,237,0,82,0,39,893,34,2455,52,252540,1082,1499,241,0,52,1016,39,43114,159,1353,40,249,39,0,24,597,17,120,11,0,83,1,2,0,7,345,15,2899,29,269977,467,850,35,0,226,,,0,5,229,42,0,15,615,94,4,6,18,15,134,47,1120,176,9616,568,11226,94,0,80,0,31,,,,,0,12,0,23,126,37,814,46,682,28,236,30,,,
20,800N11536,2024/02/20,15:54:49,SERVICE,Rutile normal-cupped long-beams,0,0,0,GeoExploration,Oxide3phase,Oxide3phase,Oxide3phase,Oxide3phase,26.7,51.4,44.3,180,3,Passed,3553,2209,9523,847,37599,953,0,118,0,100,0,46,932,43,0,53,499617,860,33593,382,0,23,1463,10,1165,22,50,8,24,12,0,7,6,3,0,4,0,44,2,1,5,3,68,7,31,6,10110,100,5597,58,2239,107,,,0,4,45,50,0,16,1728,107,10,7,66,18,152,48,0,155,3833,383,195884,88,0,45,50,16,13,11,0,4,9,9,0,12,23,18,24,11,712,13,56,19,,,
21,800N11536,2024/02/20,15:58:41,SERVICE,23104 2nd Ilmenite normal-cupped long-beams,0,0,0,GeoExploration,Oxide3phase,Oxide3phase,Oxide3phase,Oxide3phase,26.6,51.2,42.7,180,3,Passed,10856,2591,14675,965,13863,727,0,125,0,102,0,48,816,41,90,57,321569,698,12571,307,0,82,4086,55,78578,176,2549,48,0,21,0,10,181,8,0,6,0,62,4,1,3,4,110,8,62,6,21701,149,1518,33,0,131,0,5,0,4,90,45,5,17,804,75,12,6,63,17,410,50,55,144,1681,350,82226,64,0,46,0,19,46,14,,,2,9,0,18,224,32,115,19,328,22,89,19,,,
22,800N11536,2024/02/20,16:03:54,SERVICE,23104 Ilmenite normal-cupped long-beams,0,0,0,GeoExploration,Oxide3phase,Oxide3phase,Oxide3phase,Oxide3phase,26.2,51.5,42.6,180,3,Passed,14218,2788,11416,934,3584,598,0,113,0,98,87,48,759,39,183,55,270429,622,9306,287,0,46,3648,49,113221,211,3267,58,0,23,0,10,273,10,0,6,0,65,1,1,3,5,43,6,12,5,7941,90,717,23,1157,122,0,5,0,4,34,43,15,18,395,63,4,6,54,17,143,48,55,142,801,324,66384,57,0,45,0,18,42,15,,,0,8,0,19,55,29,43,18,93,22,45,16,,,
23,800N11536,2024/02/20,16:07:36,SERVICE,Ilmenite normal-cupped long-beams,0,0,0,GeoExploration,Oxide3phase,Oxide3phase,Oxide3phase,Oxide3phase,26.1,51.7,42.9,180,3,Passed,11359,2771,10822,929,1015,574,0,109,0,109,84,48,980,38,0,47,274313,621,10005,290,0,42,3490,48,105960,203,3212,57,0,24,0,9,145,8,0,6,0,67,3,1,3,5,43,6,55,6,5458,77,819,25,1970,122,0,5,0,4,35,43,12,18,365,64,9,6,57,17,130,48,8,142,578,327,70139,57,0,44,0,17,55,14,,,0,8,0,18,58,28,48,18,119,22,48,16,,,
24,800N11536,2024/02/20,16:11:52,SERVICE,23104 non-mag con normal-cupped long-beams,0,0,0,GeoExploration,Oxide3phase,Oxide3phase,Oxide3phase,Oxide3phase,38.9,35.1,20.8,180,3,Passed,5324,1932,743,42,343993,2019,0,330,0,74,0,38,748,37,0,34,670164,2895,5234,330,0,43,466,25,2699,50,172,18,274,61,205,54,6,14,348,21,89,141,4,2,0,13,294,15,1330,21,843095,1194,2911,69,0,490,49,6,0,3,47,33,0,12,2038,205,3,6,0,13,48,42,590,216,7232,1027,13846,92,0,103,0,60,53,19,22,8,0,16,0,41,60,62,1030,120,460,32,180,35,,,
25,800N11536,2024/02/20,16:15:33,SERVICE,HiTi normal-cupped long-beams,0,0,0,GeoExploration,Oxide3phase,Oxide3phase,Oxide3phase,Oxide3phase,27.7,51.3,44.6,180,3,Passed,4777,2186,17236,980,76428,1216,0,128,0,111,0,47,1382,48,0,57,475571,855,26696,362,0,24,1305,12,3138,35,126,11,27,12,0,7,12,3,0,4,0,45,2,1,4,3,484,14,107,7,9776,94,5637,56,1768,99,,,0,4,0,48,0,16,1844,104,14,7,62,17,358,49,199,154,4141,365,160379,81,0,47,123,18,16,12,0,4,13,9,0,12,89,21,58,13,753,14,86,21,,,
26,800N11536,2024/02/20,16:19:21,SERVICE,2408 Reup NM normal-cupped long-beams,0,0,0,GeoExploration,Oxide3phase,Oxide3phase,Oxide3phase,Oxide3phase,45.8,27.8,13.9,180,3,Passed,5895,1853,0,0,429356,2085,0,387,0,84,0,35,852,30,119,29,247763,2611,0,222,0,60,115,37,2201,56,198,24,606,115,3343,106,47,28,724,40,93,238,0,3,0,20,208,16,2147,28,1000000,1738,827,74,0,681,,,0,5,55,27,0,11,1049,199,4,6,0,12,8,42,2038,309,16429,1756,2042,54,1289,140,0,101,,,17,11,0,20,15,63,0,98,5629,334,747,47,232,41,,,
27,800N11536,2024/02/20,16:23:47,SERVICE,Zircon normal-cupped long-beams,0,0,0,GeoExploration,Oxide3phase,Oxide3phase,Oxide3phase,Oxide3phase,49,22.7,9.2,180,3,Passed,4736,1756,0,0,242734,1494,0,501,0,110,0,33,192,21,0,23,6588,1278,0,103,168,64,4,37,889,47,221,32,839,240,8302,238,0,47,1618,87,495,393,3,4,0,36,49,22,2096,38,1000000,3937,0,168,0,1608,,,,,,,0,14,642,356,1,6,0,15,11,47,2331,444,89,2908,0,0,2270,210,0,199,225,47,36,14,0,24,0,117,0,169,11004,4323,0,101,171,64,,,
28,800N11536,2024/02/20,16:27:27,SERVICE,Zircon old normal-cupped long-beams,0,0,0,GeoExploration,Oxide3phase,Oxide3phase,Oxide3phase,Oxide3phase,48.8,22.7,9.2,180,3,Passed,5605,1812,0,0,261645,1557,0,499,0,109,0,33,234,22,1064,35,5120,1197,0,100,167,64,24,39,1398,56,250,33,978,246,8428,241,0,48,1587,88,329,386,3,4,3,34,156,23,2287,37,1000000,3713,0,156,0,1484,,,,,36,38,0,14,1139,339,2,6,0,15,10,46,2564,433,1379,2822,0,0,3062,200,0,201,208,47,42,14,1,24,0,109,0,163,4512,1182,0,94,264,63,,,
30,800N11536,2024/03/01,14:35:43,REMOTE,SiO2 5mm from nose,0,0,0,GeoExploration,Oxide3phase,Oxide3phase,Oxide3phase,Oxide3phase,17.9,17.8,17.6,60,3,Passed,8694,1882,0,485,213557,2290,0,62,0,75,0,49,237,26,0,28,15,28,0,23,23,15,3,9,63,10,0,6,11,13,21,7,6,4,0,3,0,69,2,2,3,5,3,5,2,5,0,26,8,17,2699,149,0,7,,,34,66,14,24,0,47,16,11,49,25,3,68,6,228,187,472,0,29,0,50,0,18,,,0,6,0,11,1,18,2,25,6,17,0,13,10,17,SiO2 5mm from nose,42,70
31,800N11536,2024/03/01,14:37:12,REMOTE,ZIC 5mm from nose,0,0,0,GeoExploration,Oxide3phase,Oxide3phase,Oxide3phase,Oxide3phase,17.1,16.7,15.3,60,3,Passed,8666,1997,3742,330,30854,1064,0,167,0,100,0,51,248,31,46,47,71813,919,259,155,0,42,212,27,8462,99,287,30,263,109,166,63,375,34,125,24,16,283,1,2,0,25,16,16,1239,34,572811,2513,1846,160,0,1193,0,6,0,5,50,54,0,18,251,103,4,7,3,19,28,50,365,189,4848,1033,712,59,0,90,0,78,25,25,0,5,0,14,0,77,0,130,1438,267,888,127,77,43,ZIC 5mm from nose,42,105
32,800N11536,2024/03/01,14:38:43,REMOTE,Rutile 5mm from nose,0,0,0,GeoExploration,Oxide3phase,Oxide3phase,Oxide3phase,Oxide3phase,15.6,18,17.4,60,3,Passed,7120,2059,2789,639,2926,690,0,91,0,98,0,55,554,34,0,40,115205,641,0,302,0,20,316,9,292,18,0,7,37,34,0,20,14,9,0,8,0,154,2,2,7,11,19,7,6,6,8664,272,4436,155,0,412,0,6,0,6,,,2,20,90,60,6,8,30,22,34,57,34,189,1465,475,11639,43,0,53,0,40,61,17,0,4,1,11,0,44,0,60,51,47,614,47,24,23,Rutile 5mm from nose,42,140
33,800N11536,2024/03/01,14:40:14,REMOTE,23104 2nd Ilmenite 5mm from nose,0,0,0,GeoExploration,Oxide3phase,Oxide3phase,Oxide3phase,Oxide3phase,16.2,18.1,17.5,60,3,Passed,8953,2042,2211,575,0,449,0,90,0,97,0,53,314,32,0,42,59625,465,0,217,0,67,750,38,15351,124,0,35,53,51,0,26,114,17,0,11,0,226,1,2,5,15,9,8,11,6,16106,420,1526,110,0,547,0,5,0,5,,,11,18,0,45,5,7,3,20,122,54,64,168,640,429,3121,33,0,53,0,46,31,18,0,4,0,11,0,65,0,96,107,83,266,69,20,23,23104 2nd Ilmenite 5mm from nose,42,175
34,800N11536,2024/03/01,14:41:45,REMOTE,23104 Ilmenite 5mm from nose,0,0,0,GeoExploration,Oxide3phase,Oxide3phase,Oxide3phase,Oxide3phase,16.2,18.1,17.5,60,3,Passed,9390,2080,1932,549,0,402,0,82,0,95,0,52,309,32,0,41,49660,416,0,202,0,29,651,33,20912,144,0,41,30,53,0,25,145,19,0,11,0,234,1,2,16,16,4,6,2,5,5537,268,888,96,0,571,0,5,0,5,49,53,4,18,0,41,5,7,3,19,55,51,0,166,486,408,2357,30,0,51,0,47,28,18,0,4,0,10,0,62,0,94,83,79,176,69,12,19,23104 Ilmenite 5mm from nose,42,210
35,800N11536,2024/03/01,14:43:15,REMOTE,Ilmenite 5mm from nose,0,0,0,GeoExploration,Oxide3phase,Oxide3phase,Oxide3phase,Oxide3phase,15.5,18,17.3,60,3,Passed,9158,2216,2606,608,0,443,0,89,0,107,0,56,333,34,0,44,67578,488,0,238,0,36,803,37,26094,162,0,46,44,54,0,22,101,15,0,10,0,196,1,2,7,13,10,7,14,6,5054,232,862,86,0,486,0,6,0,5,,,8,19,0,46,8,8,22,20,49,54,0,176,401,432,4413,33,0,52,0,42,18,18,0,4,0,11,19,58,0,80,74,69,168,60,16,21,Ilmenite 5mm from nose,42,245
36,800N11536,2024/03/01,14:44:50,REMOTE,23104 non-mag con 5mm from nose,0,0,0,GeoExploration,Oxide3phase,Oxide3phase,Oxide3phase,Oxide3phase,17,16,14.2,60,3,Passed,7862,1932,0,0,60280,1343,0,221,0,94,0,52,320,31,0,38,184824,1875,779,205,0,32,124,17,739,32,59,15,274,117,789,88,8,24,253,33,88,361,1,2,6,32,18,17,559,24,1000000,3663,3463,213,0,1656,0,6,0,5,0,51,3,16,888,167,0,7,0,19,0,49,82,193,2516,1382,1211,49,40,106,0,103,17,27,,,0,16,3,103,0,156,1284,404,590,135,66,45,23104 non-mag con 5mm from nose,77,70
37,800N11536,2024/03/01,14:46:22,REMOTE,HiTi 5mm from nose,0,0,0,GeoExploration,Oxide3phase,Oxide3phase,Oxide3phase,Oxide3phase,15.9,18,17.4,60,3,Passed,7764,2087,3095,667,4458,718,0,96,0,106,0,55,472,37,0,45,104209,612,0,285,0,22,278,10,660,26,0,10,33,38,0,22,16,9,0,9,0,155,3,2,8,11,51,10,20,7,9735,288,4779,161,0,414,0,6,0,6,,,10,20,114,58,4,8,13,22,102,57,0,185,1602,476,9372,41,0,52,0,43,74,18,0,4,1,11,7,42,51,65,61,50,678,49,26,24,HiTi 5mm from nose,77,105
38,800N11536,2024/03/01,14:47:51,REMOTE,2408 Reup NM 5mm from nose,0,0,0,GeoExploration,Oxide3phase,Oxide3phase,Oxide3phase,Oxide3phase,17.7,15.7,13.9,60,3,Passed,7892,1865,0,0,79846,1470,0,208,0,91,0,50,307,29,0,34,64678,1251,0,119,0,32,33,18,658,31,63,16,384,132,1423,104,14,28,326,39,380,449,2,3,0,36,0,17,753,28,1000000,4355,1848,204,0,1919,0,5,0,5,0,47,0,16,458,168,1,7,0,18,0,46,282,200,8160,1711,449,32,78,118,0,115,34,29,,,0,16,32,120,0,183,3408,701,682,165,67,49,2408 Reup NM 5mm from nose,77,140
39,800N11536,2024/03/01,14:49:22,REMOTE,Zircon 5mm from nose,0,0,0,GeoExploration,Oxide3phase,Oxide3phase,Oxide3phase,Oxide3phase,17.9,14.7,12.5,60,3,Passed,8121,1908,0,0,33560,1040,0,353,0,104,0,49,219,25,0,31,1305,488,0,49,70,34,8,19,330,24,77,18,519,214,4093,189,0,39,722,69,308,652,1,3,12,58,0,18,764,30,1000000,7292,1645,306,0,3134,0,5,0,5,0,52,0,17,895,280,0,7,0,17,0,46,0,224,0,2467,0,0,654,155,0,174,,,,,2,19,0,190,0,280,3247,3726,0,226,30,56,Zircon 5mm from nose,77,175
40,800N11536,2024/03/01,14:50:53,REMOTE,Zircon old 5mm from nose,0,0,0,GeoExploration,Oxide3phase,Oxide3phase,Oxide3phase,Oxide3phase,17.9,14.8,12.7,60,3,Passed,8626,1898,0,0,31094,1012,0,342,0,102,0,49,214,25,0,31,868,431,2,51,73,33,15,19,325,24,84,18,593,211,3991,186,9,38,872,67,297,628,0,3,16,54,0,20,696,31,1000000,6892,1473,291,0,2979,0,5,0,5,0,51,0,16,831,266,1,7,0,18,0,45,0,221,0,2365,0,0,0,154,0,170,46,37,,,0,18,15,177,0,259,37364,23482,0,216,0,58,Zircon old 5mm from nose,77,210
41,800N11536,2024/03/01,15:06:19,REMOTE,SiO2 10mm from nose,0,0,0,GeoExploration,Oxide3phase,Oxide3phase,Oxide3phase,Oxide3phase,18.2,18.2,18.2,60,3,Passed,9909,1671,231,393,14925,789,0,60,0,78,0,47,224,23,0,28,3,16,0,18,16,13,1,7,50,8,0,5,53,35,53,19,18,9,3,8,0,183,1,1,6,12,2,5,2,5,0,75,16,48,8927,469,0,5,,,32,58,0,19,0,36,5,8,14,21,4,53,80,179,0,434,0,23,0,45,0,37,0,15,0,3,0,9,0,51,0,67,5,64,0,47,12,19,SiO2 10mm from nose,42,70
42,800N11536,2024/03/01,15:07:49,REMOTE,ZIC 10mm from nose,0,0,0,GeoExploration,Oxide3phase,Oxide3phase,Oxide3phase,Oxide3phase,18.1,18.1,17.9,60,3,Passed,9920,1664,1098,331,0,428,0,69,0,79,0,48,254,24,0,31,6024,187,0,57,0,18,38,12,1536,39,0,13,161,92,165,50,128,25,5,19,244,367,1,1,14,28,0,9,236,15,199008,1984,2129,149,0,1233,0,4,0,4,37,44,0,14,0,45,4,6,3,16,6,40,185,141,1337,505,25,30,0,49,0,75,26,17,0,3,7,10,25,99,0,148,416,223,257,128,0,25,ZIC 10mm from nose,42,105
43,800N11536,2024/03/01,15:09:19,REMOTE,Rutile 10mm from nose,0,0,0,GeoExploration,Oxide3phase,Oxide3phase,Oxide3phase,Oxide3phase,17.9,18.3,18.2,60,3,Passed,8566,1693,1089,414,0,375,0,65,0,81,0,49,274,25,0,30,15331,227,0,112,0,13,44,7,73,10,0,5,57,59,0,34,31,15,0,12,52,314,1,1,11,20,0,5,0,4,3644,286,1988,165,0,828,0,5,0,4,63,47,15,15,0,32,0,6,3,17,46,43,39,143,421,356,224,23,0,45,0,61,83,16,0,3,1,9,49,94,0,122,75,148,306,85,5,19,Rutile 10mm from nose,42,140
44,800N11536,2024/03/01,15:10:50,REMOTE,23104 2nd Ilmenite 10mm from nose,0,0,0,GeoExploration,Oxide3phase,Oxide3phase,Oxide3phase,Oxide3phase,17.9,18.3,18.2,60,3,Passed,9608,1725,965,396,0,344,0,64,0,81,0,48,228,25,0,32,9607,180,0,89,0,28,129,17,2533,50,0,15,41,68,0,37,69,19,0,14,234,339,2,1,20,22,0,6,3,5,6406,377,874,119,0,908,0,5,0,4,37,45,10,15,0,30,2,6,0,17,52,42,24,140,257,355,79,21,0,47,0,66,40,14,0,3,0,9,42,95,0,133,157,164,136,93,0,18,23104 2nd Ilmenite 10mm from nose,42,175
45,800N11536,2024/03/01,15:12:20,REMOTE,23104 Ilmenite 10mm from nose,0,0,0,GeoExploration,Oxide3phase,Oxide3phase,Oxide3phase,Oxide3phase,17.7,18.3,18.2,60,3,Passed,9525,1751,1153,431,0,358,0,67,0,84,0,48,258,26,0,33,12442,204,0,101,0,20,166,18,5218,71,0,20,35,66,0,34,71,18,0,12,17,340,0,1,27,24,0,5,2,4,2986,277,614,111,0,897,0,5,0,4,33,45,11,15,0,30,3,6,7,17,39,42,26,140,251,354,150,20,0,42,0,60,16,16,0,3,0,9,5,93,0,128,53,159,57,94,7,18,23104 Ilmenite 10mm from nose,42,210
46,800N11536,2024/03/01,15:13:50,REMOTE,Ilmenite 10mm from nose,0,0,0,GeoExploration,Oxide3phase,Oxide3phase,Oxide3phase,Oxide3phase,18,18.3,18.3,60,3,Passed,8227,1674,740,390,0,335,0,62,0,81,0,48,224,25,0,30,6150,143,0,73,0,16,64,13,2473,49,0,14,21,69,0,37,53,17,0,13,14,341,1,1,5,23,0,5,0,4,1360,218,356,101,0,965,0,4,0,4,38,44,4,14,0,28,3,6,6,17,29,39,9,132,123,331,37,20,0,43,0,67,29,15,0,3,2,9,69,104,0,127,111,147,84,101,0,18,Ilmenite 10mm from nose,42,245
47,800N11536,2024/03/01,15:15:24,REMOTE,23104 non-mag con 10mm from nose,0,0,0,GeoExploration,Oxide3phase,Oxide3phase,Oxide3phase,Oxide3phase,18.1,17.9,17.7,60,3,Passed,8460,1658,640,308,2995,613,0,79,0,80,0,48,243,25,0,31,15853,317,50,87,0,16,34,9,204,15,11,7,101,75,40,47,27,18,13,18,0,351,1,2,12,28,0,10,74,10,252877,2196,2843,177,0,1284,0,5,0,4,,,2,15,0,53,3,6,0,16,19,42,17,142,601,544,102,34,0,52,0,74,20,18,0,3,0,9,27,108,0,146,183,189,259,116,4,25,23104 non-mag con 10mm from nose,77,70
48,800N11536,2024/03/01,15:16:56,REMOTE,HiTi 10mm from nose,0,0,0,GeoExploration,Oxide3phase,Oxide3phase,Oxide3phase,Oxide3phase,17.9,18.3,18.2,60,3,Passed,9155,1743,664,412,0,384,0,65,0,82,0,48,310,26,0,31,15838,231,0,113,0,14,42,7,138,12,0,6,69,62,0,35,29,15,0,12,19,307,1,1,15,22,7,7,1,5,3841,298,2459,180,0,818,0,5,0,4,28,46,2,15,0,31,2,6,0,17,55,43,69,144,553,357,233,21,0,46,0,64,74,15,0,3,2,9,22,88,0,121,17,137,298,89,4,19,HiTi 10mm from nose,77,105
49,800N11536,2024/03/01,15:18:25,REMOTE,2408 Reup NM 10mm from nose,0,0,0,GeoExploration,Oxide3phase,Oxide3phase,Oxide3phase,Oxide3phase,18.2,17.8,17.5,60,3,Passed,7685,1639,364,199,570,563,0,85,0,82,0,47,201,24,0,29,4850,211,13,47,0,17,9,9,172,14,11,8,196,95,226,64,41,21,75,24,0,434,1,2,4,35,0,9,159,13,445049,3181,2443,171,0,1661,0,4,0,4,,,9,14,104,66,2,6,0,16,20,39,16,136,698,679,162,37,0,59,0,91,11,19,0,3,6,10,0,129,0,192,510,376,110,154,11,29,2408 Reup NM 10mm from nose,77,140
50,800N11536,2024/03/01,15:19:56,REMOTE,Zircon 10mm from nose,0,0,0,GeoExploration,Oxide3phase,Oxide3phase,Oxide3phase,Oxide3phase,18.2,17.5,16.9,60,3,Passed,8333,1665,1,0,0,470,0,135,0,84,0,48,190,23,0,29,81,106,0,27,39,19,5,10,125,13,22,9,217,126,768,97,26,25,153,34,115,576,1,2,8,46,0,10,190,15,889668,4913,2629,225,0,2378,0,4,0,4,,,0,14,230,101,2,6,0,16,11,38,0,133,563,961,347,35,62,79,0,109,19,21,0,4,1,11,0,161,0,232,640,881,0,188,22,32,Zircon 10mm from nose,77,175
51,800N11536,2024/03/01,15:21:26,REMOTE,Zircon old 10mm from nose,0,0,0,GeoExploration,Oxide3phase,Oxide3phase,Oxide3phase,Oxide3phase,18.2,17.3,16.8,60,3,Passed,9559,1728,0,0,0,488,0,144,0,85,0,48,205,23,0,29,221,122,0,29,34,20,1,11,141,14,25,9,298,137,900,108,11,29,205,40,103,566,0,2,5,47,0,11,203,16,950479,4959,2511,223,0,2363,0,4,0,4,0,45,0,14,238,107,0,6,0,16,0,37,0,140,702,1002,371,36,58,86,0,124,,,0,4,0,12,0,166,0,232,754,1475,0,191,2,34,Zircon old 10mm from nose,77,210
